{
  "ecm_fit": {
    "parameters": [
      20.660011714277704,
      6.5069677432815585,
      9.07010235411135e-07
    ],
    "errors": [
      0.4391153328577766,
      0.5227964337567933,
      1.954106792569015e-07
    ],
    "param_info": [
      {
        "name": "Rs",
        "initialValue": 0.1,
        "lowerBound": 1e-06,
        "upperBound": 1000.0
      },
      {
        "name": "Rct",
        "initialValue": 1.0,
        "lowerBound": 1e-06,
        "upperBound": 1000000.0
      },
      {
        "name": "Cdl",
        "initialValue": 1e-06,
        "lowerBound": 1e-12,
        "upperBound": 0.001
      }
    ],
    "chi_square": 0.4051677178472902,
    "aic": 359.4341433700729,
    "wrms": 0.004657100205141267,
    "dof": 87,
    "measurement_id": null,
    "timestamp": null
  },
  "drt_fit": {
    "tau": [
      3.183098861837907e-07,
      4.0072801847067236e-07,
      5.044866475800143e-07,
      6.35110749227417e-07,
      7.995566182638647e-07,
      1.0065834972987549e-06,
      1.2672126812232648e-06,
      1.5953223683200303e-06,
      2.0083909785083644e-06,
      2.5284160849593755e-06,
      3.183098861837907e-06,
      4.007275139851078e-06,
      5.044850484718376e-06,
      6.351082148163186e-06,
      7.995526015015717e-06,
      1.0065771311507153e-05,
      1.2672076363859656e-05,
      1.5952983821169282e-05,
      2.0083909785083645e-05,
      2.528476337944163e-05,
      3.183098861837907e-05,
      4.0074264910460867e-05,
      5.044530684370692e-05,
      6.350955430642272e-05,
      7.995726857166307e-05,
      0.00010066726318272949,
      0.00012671571902220967,
      0.00015955382766104796,
      0.000200826426614379,
      0.0002542411231499926,
      0.00032055376252144074,
      0.0004039465560708004,
      0.0004997015481692161,
      0.0006353490742191431,
      0.0007977691383052398,
      0.0010137257521776774,
      0.0012939426267633768,
      0.001977080038408638,
      0.002506377056565281,
      0.0034226869482128033,
      0.004188287976102509,
      0.005395082816674419,
      0.007578806813899778,
      0.012732395447351627,
      0.039788735772973836
    ],
    "gamma": [
      1.0481582368509991e-09,
      0.0,
      3.7762888833606643e-07,
      2.384653146180337e-05,
      0.009848543178792567,
      0.24257818690817207,
      0.3073231944934945,
      0.2558340238378204,
      0.15329024999684038,
      0.057628866274502755,
      0.004262903527951608,
      0.0006431521995980252,
      0.031072206857276036,
      0.06849118963157876,
      0.12865696811356633,
      0.12664202707732025,
      0.05813829317932994,
      0.016728984898631817,
      1.6491803939910523e-09,
      6.752526911026088e-05,
      0.0005616120049473166,
      0.0034218521508710283,
      0.029389937877396567,
      0.07582972212991025,
      0.07644333970082327,
      0.08214869021767163,
      0.06227738761813024,
      0.061117356091482264,
      0.05313305588270083,
      0.03991808914746505,
      0.021828958626460972,
      0.006025076069421668,
      0.07215180515911664,
      0.09655027840465844,
      0.08842158893509855,
      0.06795345996660952,
      0.09515782582951701,
      0.046278688140489965,
      0.025147168941007055,
      0.02191724711490369,
      0.017639975313046282,
      0.399622975101842,
      0.02437800198039892,
      0.0883265511605868,
      0.7476635082379256
    ],
    "peak_frequencies": [
      29.5,
      122.99999999999999,
      250.49999999999997,
      1581.0000000000002,
      19905.5,
      125594.50000000001
    ],
    "peak_polarizations": [
      0.12251458616321316,
      0.016432161877150814,
      0.1369552814688908,
      0.1167139554554359,
      0.09524452640584774,
      0.3364441209575217
    ],
    "regularization_param": 2.5301887706968225e-13,
    "residual": 1.2224285408490292
  },
  "linkk_fit": {
    "M": 22,
    "mu": 0.6114710903130285,
    "Z_fit": [
      {
        "real": 19.493487947461052,
        "imag": -1.287116185139208
      },
      {
        "real": 19.741060454130018,
        "imag": -1.469384940363257
      },
      {
        "real": 20.01041155271408,
        "imag": -1.631579325602423
      },
      {
        "real": 20.299611156478342,
        "imag": -1.7794064160105887
      },
      {
        "real": 20.612514326406437,
        "imag": -1.9159358601174508
      },
      {
        "real": 20.95491696152013,
        "imag": -2.0372931323166092
      },
      {
        "real": 21.32829287780401,
        "imag": -2.1325607604324928
      },
      {
        "real": 21.72502990526449,
        "imag": -2.1888393805369386
      },
      {
        "real": 22.12926194640758,
        "imag": -2.1988914854826387
      },
      {
        "real": 22.523787423553607,
        "imag": -2.1653062745124663
      },
      {
        "real": 22.897102405757273,
        "imag": -2.09712900846734
      },
      {
        "real": 23.24363826400227,
        "imag": -2.003160612981932
      },
      {
        "real": 23.558856018355883,
        "imag": -1.8901556379779418
      },
      {
        "real": 23.837539112681597,
        "imag": -1.7670203137674116
      },
      {
        "real": 24.07881744902993,
        "imag": -1.6468363668903463
      },
      {
        "real": 24.290302900917162,
        "imag": -1.5409969366256437
      },
      {
        "real": 24.48309780917691,
        "imag": -1.451973200121508
      },
      {
        "real": 24.66217274153763,
        "imag": -1.3755095352293296
      },
      {
        "real": 24.825041695509675,
        "imag": -1.3109480044780726
      },
      {
        "real": 24.971435964903687,
        "imag": -1.266047171899974
      },
      {
        "real": 25.111279958759145,
        "imag": -1.2486817543573772
      },
      {
        "real": 25.25925522513639,
        "imag": -1.2560026125972679
      },
      {
        "real": 25.421965676357704,
        "imag": -1.2757942605587884
      },
      {
        "real": 25.595047344378308,
        "imag": -1.2985096153276123
      },
      {
        "real": 25.771765582364306,
        "imag": -1.324343033447563
      },
      {
        "real": 25.95225073259466,
        "imag": -1.3577453894114175
      },
      {
        "real": 26.140852565693876,
        "imag": -1.3986353449060223
      },
      {
        "real": 26.339077904859423,
        "imag": -1.4427017901974544
      },
      {
        "real": 26.542599250471884,
        "imag": -1.488080107384902
      },
      {
        "real": 26.75471739211437,
        "imag": -1.5397219683475147
      },
      {
        "real": 26.969623881534638,
        "imag": -1.5988693743493798
      },
      {
        "real": 27.193843447188577,
        "imag": -1.6643917428865245
      },
      {
        "real": 27.407113480166927,
        "imag": -1.7277837240665646
      },
      {
        "real": 27.65094314823851,
        "imag": -1.805634125874136
      },
      {
        "real": 27.88487319597163,
        "imag": -1.8936383976065154
      },
      {
        "real": 28.141628843066904,
        "imag": -2.007548700445908
      },
      {
        "real": 28.42310035487181,
        "imag": -2.1442863451700367
      },
      {
        "real": 28.96126746045183,
        "imag": -2.4201829113815485
      },
      {
        "real": 29.286500837074616,
        "imag": -2.6013390781247887
      },
      {
        "real": 29.74741512819685,
        "imag": -2.879558788222557
      },
      {
        "real": 30.070844420512532,
        "imag": -3.085935653766777
      },
      {
        "real": 30.505819801563167,
        "imag": -3.3774843567888597
      },
      {
        "real": 31.15061127984297,
        "imag": -3.8413959065391423
      },
      {
        "real": 32.32707712429036,
        "imag": -4.728338173165892
      },
      {
        "real": 36.02415721136127,
        "imag": -7.501944892102886
      }
    ],